email,first_name,last_name,company,phone,website
,,,AC HVAC,(415) 969-2220,https://sanfranciscocahvac.com
,,,Galaxy Heating,,https://galaxyservices.com
,,,Brady Air Service,,https://bradyair.com
,,,Calvey Heating & Air,(650) 265-2202,https://www.calveyheatingandair.com
info@masterhvacsolutions.com,,,Master Hvac Solutions,(650) 870-9345,https://masterhvacsolutions.com
,,,Air Flow Pros Heating,,https://www.afpheating.com
,,,Heating & AC,,https://www.sanfranciscoheatingandairconditioning.com
,,,Schmitt Heating Company,,https://www.schmittheating.com
,,,"HVAC Company in San Francisco, CA",,https://sanfranciscocoolingandheating.com
support@fuseservicesf.com,,,Fuse Rep Air,,https://fuserepairsf.com
,,,City Mechanical,,https://www.citymechanical.com
,,,Ascent,,https://ascenthvac.com
,,,San Francis,,https://www.acheatingandair.net
,,,ABCO Mechanical Contractors,,https://www.abcoair.com
,,,Peterson,,https://petersonmechanical.com
,,,Associated Heating,415-585-0145,http://www.associatedheatingsf.com
,,,Anytime,,https://anytimehvac.com
,,,ACME Heating & Air,,https://acmeheatingandairga.com
,,,Experience Superior Comfort with RT'S Heating,,https://rtsheatingandcooling.com
,,,family-owned HVAC,,https://www.kensheatingandair.com
,,,Blair Heating,513-423-0162,https://www.blairhtg.com
,,,Wright Heating,,https://www.wrightheating.com
,,,Right Way Heating,,https://www.rightwayhvac.com
,,,Airtron,,https://airtron.com
,,,"Morris Heating Air Conditioning & Plumbing,",,https://www.morrishvac.com
,,,Care Heating,(614) 482-4360,https://www.careheatingcooling.com
,,,Thomas & Galbraith,,https://thomasgalbraith.com
,,,Robinson Heating & Air Conditioning,,https://www.robinsonheating.com
,,,R.N. Smith Heating,,https://rnsmith.net
,,,Heating & Cooling Solutions,,https://www.centralairohio.com
,,,"Henry Heating, Cooling",,https://henryheating.com
,,,Southern Ohio Air,,https://www.southernohioair.com
,,,Ohio,,https://www.ryanhcp.com
,,,Dayton HVAC,,https://cowboyshvac.com
,,,Rouse Heating,,https://www.rouseheatingandair.com
,,,Right Temp,,https://www.right-tempair.com
,,,US Heating,,https://www.usheating.com
,,,Bridgetown Heating,,https://www.bridgetownheatingandcooling.com
,,,AW Heating,,https://www.awheatingandcooling.com
,,,Bush Heating,,https://www.bushheating.com
,,,TAP Heating,,https://www.taphvac.com
,,,Hill-Air,,https://hill-air.com
,,,Choice Comfort,,https://www.choicecomfort.com
,,,Lebanon Heating,,https://www.lebanonheatingcooling.com
,,,Keith Heating and Cooling,,https://www.keithheatingandcooling.com
,,,Twin Air Heating,,https://www.twinairheatingandcooling.com
,,,Patriot Heating,,https://patriotmechanicalheat.com
,,,Comfort Solutions Heating/Cooling & Duct Cleaning,,https://comfort-solutions.net
,,,Middletown Heating,,https://www.middletownheatingcooling.com
,,,Bryant Heating,,https://bryantheatingcooling.com
,,,"HVAC, plumbing, and heating",,https://calibermech.com
,,,Moore,,https://mooreheating.com
,,,Even Even HVAC,,https://evenstevenshvac.com
,,,Arctic Heating,,https://arcticheatingalaska.com
,,,ASM Heating And Cooling,,https://asmheatingandcooling.com
